<application>
  <component name="ProjectJdkTable">
    <jdk version="2">
      <name value="Python 3.7 (pythonenv)" />
      <type value="Python SDK" />
      <version value="Python 3.7.5" />
      <homePath value="C:\Anaconda3\envs\pythonenv\python.exe" />
      <roots>
        <classPath>
          <root type="composite">
            <root url="file://C:/Anaconda3/envs/pythonenv/DLLs" type="simple" />
            <root url="file://C:/Anaconda3/envs/pythonenv/Lib" type="simple" />
            <root url="file://C:/Anaconda3/envs/pythonenv/Lib/site-packages" type="simple" />
            <root url="file://C:/git/Bigdata_Capstone/django_project/django-highcharts" type="simple" />
            <root url="file://$USER_HOME$/.PyCharm2019.2/system/python_stubs/1860790728" type="simple" />
            <root url="file://$APPLICATION_HOME_DIR$/helpers/python-skeletons" type="simple" />
            <root url="file://$APPLICATION_HOME_DIR$/helpers/typeshed/stdlib/3" type="simple" />
            <root url="file://$APPLICATION_HOME_DIR$/helpers/typeshed/stdlib/2and3" type="simple" />
            <root url="file://$APPLICATION_HOME_DIR$/helpers/typeshed/third_party/3" type="simple" />
            <root url="file://$APPLICATION_HOME_DIR$/helpers/typeshed/third_party/2and3" type="simple" />
          </root>
        </classPath>
        <sourcePath>
          <root type="composite" />
        </sourcePath>
      </roots>
      <additional />
    </jdk>
    <jdk version="2">
      <name value="Python 3.7 (pythonenv) (2)" />
      <type value="Python SDK" />
      <version value="Python 3.7.5" />
      <homePath value="C:\Anaconda3\envs\pythonenv\python.exe" />
      <roots>
        <classPath>
          <root type="composite">
            <root url="file://C:/Anaconda3/envs/pythonenv/DLLs" type="simple" />
            <root url="file://C:/Anaconda3/envs/pythonenv/Lib" type="simple" />
            <root url="file://C:/Anaconda3/envs/pythonenv/Lib/site-packages" type="simple" />
            <root url="file://$USER_HOME$/.PyCharm2019.2/system/python_stubs/1860790728" type="simple" />
            <root url="file://$APPLICATION_HOME_DIR$/helpers/python-skeletons" type="simple" />
            <root url="file://$APPLICATION_HOME_DIR$/helpers/typeshed/stdlib/3" type="simple" />
            <root url="file://$APPLICATION_HOME_DIR$/helpers/typeshed/stdlib/2and3" type="simple" />
            <root url="file://$APPLICATION_HOME_DIR$/helpers/typeshed/third_party/3" type="simple" />
            <root url="file://$APPLICATION_HOME_DIR$/helpers/typeshed/third_party/2and3" type="simple" />
          </root>
        </classPath>
        <sourcePath>
          <root type="composite" />
        </sourcePath>
      </roots>
      <additional ASSOCIATED_PROJECT_PATH="$USER_HOME$/Desktop/wa2" />
    </jdk>
    <jdk version="2">
      <name value="Python 3.7" />
      <type value="Python SDK" />
      <version value="Python 3.7.3" />
      <homePath value="C:\Anaconda3\python.exe" />
      <roots>
        <classPath>
          <root type="composite">
            <root url="file://C:/Anaconda3/DLLs" type="simple" />
            <root url="file://C:/Anaconda3/Lib" type="simple" />
            <root url="file://C:/Anaconda3/Lib/site-packages" type="simple" />
            <root url="file://C:/Anaconda3/Lib/site-packages/win32" type="simple" />
            <root url="file://C:/Anaconda3/Lib/site-packages/win32/lib" type="simple" />
            <root url="file://C:/Anaconda3/Lib/site-packages/pythonwin" type="simple" />
            <root url="file://$USER_HOME$/.PyCharm2019.2/system/python_stubs/1013586911" type="simple" />
            <root url="file://$APPLICATION_HOME_DIR$/helpers/python-skeletons" type="simple" />
            <root url="file://$APPLICATION_HOME_DIR$/helpers/typeshed/stdlib/3" type="simple" />
            <root url="file://$APPLICATION_HOME_DIR$/helpers/typeshed/stdlib/2and3" type="simple" />
            <root url="file://$APPLICATION_HOME_DIR$/helpers/typeshed/third_party/3" type="simple" />
            <root url="file://$APPLICATION_HOME_DIR$/helpers/typeshed/third_party/2and3" type="simple" />
          </root>
        </classPath>
        <sourcePath>
          <root type="composite" />
        </sourcePath>
      </roots>
      <additional />
    </jdk>
  </component>
</application>